EmployeeID,Name,Department,Age,Experience,Salary,JoiningDate,Rating,RemoteWorker,ManagerID
1,Emp_1,Engineering,50,4,39383,20-09-2016,1.1,FALSE,135
2,Emp_2,HR,31,29,100172,08-12-2010,2.5,TRUE,138
3,Emp_3,Engineering,35,17,129773,21-12-2014,4,TRUE,136
4,Emp_4,Engineering,44,29,109044,24-04-2011,4.9,FALSE,192
5,Emp_5,Finance,57,15,60628,01-06-2016,3.3,FALSE,156
6,Emp_6,Support,56,20,34748,02-10-2011,3.9,TRUE,158
7,Emp_7,Sales,47,30,130113,10-12-2013,3.7,TRUE,134
8,Emp_8,Sales,48,12,140043,22-03-2010,1.2,TRUE,161
9,Emp_9,Support,43,15,42987,16-09-2014,3.3,TRUE,149
10,Emp_10,Finance,41,10,39307,24-10-2011,2,TRUE,113
11,Emp_11,HR,44,8,49606,04-09-2022,1.4,TRUE,132
12,Emp_12,HR,54,12,104607,20-11-2022,2.3,FALSE,176
13,Emp_13,Engineering,39,21,56724,14-11-2016,1.9,TRUE,100
14,Emp_14,Support,42,4,,24-02-2012,4.1,TRUE,194
15,Emp_15,Sales,56,15,121329,06-03-2023,2.5,FALSE,199
16,Emp_16,HR,,4,40900,23-09-2018,1.5,TRUE,190
17,Emp_17,Finance,53,13,93780,10-07-2010,4.7,FALSE,187
18,Emp_18,Support,56,18,37121,21-10-2006,2.7,FALSE,165
19,Emp_19,Finance,,24,42964,19-12-2023,4.5,TRUE,139
20,Emp_20,HR,25,18,127530,07-02-2015,3.8,FALSE,154
21,Emp_21,Sales,28,3,149905,22-09-2014,3.8,FALSE,120
22,Emp_22,HR,28,23,90025,24-12-2009,4.1,FALSE,174
23,Emp_23,Support,28,26,108058,05-11-2021,4.2,FALSE,179
24,Emp_24,HR,28,15,58162,15-02-2012,3,TRUE,105
25,Emp_25,Sales,34,34,96772,20-01-2007,3.8,TRUE,121
26,Emp_26,Finance,37,27,100570,18-12-2011,3.5,FALSE,106
27,Emp_27,Finance,56,30,72747,14-07-2009,2.2,TRUE,141
28,Emp_28,Support,29,34,112325,15-04-2008,4.1,TRUE,149
29,Emp_29,Sales,32,11,55717,21-06-2015,3.6,TRUE,198
30,Emp_30,Support,42,18,79533,11-08-2021,4.9,FALSE,180
31,Emp_31,Engineering,35,4,46408,09-04-2021,3.3,TRUE,153
32,Emp_32,HR,34,1,98464,21-12-2013,3.9,TRUE,105
33,Emp_33,Sales,59,24,133463,01-05-2017,1,FALSE,148
34,Emp_34,HR,43,24,86246,19-11-2014,1.1,TRUE,149
35,Emp_35,HR,51,19,82580,09-12-2006,2.8,FALSE,126
36,Emp_36,Engineering,43,22,95708,04-03-2014,1.9,FALSE,172
37,Emp_37,Engineering,52,14,100763,29-01-2012,2.1,TRUE,131
38,Emp_38,Engineering,29,26,35053,15-07-2018,2.1,TRUE,198
39,Emp_39,Engineering,35,20,43283,27-10-2014,,FALSE,192
40,Emp_40,Finance,25,20,66533,10-07-2008,3.6,TRUE,103
41,Emp_41,Finance,31,12,126087,15-11-2020,1.6,TRUE,177
42,Emp_42,Finance,42,8,52617,30-07-2010,2.8,FALSE,162
43,Emp_43,Engineering,26,14,63759,17-02-2012,2.6,TRUE,132
44,Emp_44,Engineering,37,7,60349,07-07-2009,3.2,FALSE,177
45,Emp_45,Engineering,35,27,142631,26-01-2013,4.4,TRUE,158
46,Emp_46,Engineering,27,16,53295,29-09-2015,1.3,TRUE,128
47,Emp_47,Support,35,31,75586,28-06-2020,4.9,TRUE,144
48,Emp_48,Finance,22,8,61888,04-03-2020,,TRUE,151
49,Emp_49,Sales,,7,82079,16-12-2015,3.6,FALSE,134
50,Emp_50,Engineering,49,29,90368,24-03-2011,3.4,FALSE,116
51,Emp_51,Sales,48,7,75169,29-06-2011,3.4,FALSE,104
52,Emp_52,Sales,28,10,44945,06-06-2009,2.9,FALSE,166
53,Emp_53,Engineering,37,2,35907,03-08-2006,,TRUE,191
54,Emp_54,Support,43,2,63303,26-02-2013,1.3,FALSE,100
55,Emp_55,HR,54,11,87398,24-03-2019,1.8,FALSE,116
56,Emp_56,Finance,43,31,119471,07-03-2010,1.4,TRUE,106
57,Emp_57,HR,25,19,80949,20-11-2005,1.3,TRUE,129
58,Emp_58,Finance,55,5,39090,27-10-2012,1.4,TRUE,180
59,Emp_59,Support,47,10,,27-04-2019,1.5,FALSE,161
60,Emp_60,HR,49,18,148851,06-02-2021,2.6,FALSE,133
61,Emp_61,Finance,50,4,137094,21-07-2013,1.9,TRUE,157
62,Emp_62,HR,23,26,110798,10-12-2019,4,FALSE,122
63,Emp_63,Support,23,9,147579,06-02-2021,1.2,FALSE,145
64,Emp_64,Sales,27,25,138312,21-04-2023,4.8,FALSE,133
65,Emp_65,Engineering,48,17,91138,28-02-2020,1.4,FALSE,140
66,Emp_66,Sales,31,22,130326,17-09-2021,3.1,FALSE,116
67,Emp_67,Support,22,7,86223,04-07-2022,2.2,FALSE,129
68,Emp_68,Finance,59,4,60696,03-01-2023,3.9,TRUE,107
69,Emp_69,HR,53,16,149109,18-07-2014,2,TRUE,129
70,Emp_70,Finance,55,15,62944,17-03-2010,3.3,TRUE,182
71,Emp_71,Finance,37,6,69245,14-12-2022,1.1,TRUE,150
72,Emp_72,Engineering,57,8,146693,16-09-2010,4.7,TRUE,198
73,Emp_73,HR,26,34,125475,11-09-2009,3.6,FALSE,119
74,Emp_74,Finance,28,13,86302,27-10-2013,2.1,FALSE,151
75,Emp_75,Support,24,21,45787,26-06-2017,4.8,FALSE,174
76,Emp_76,HR,50,27,110315,07-12-2014,,TRUE,189
77,Emp_77,Engineering,35,30,77979,23-05-2021,1.2,FALSE,126
78,Emp_78,Finance,30,33,103751,14-05-2007,4,FALSE,132
79,Emp_79,Sales,55,3,64221,13-09-2018,2.2,FALSE,131
80,Emp_80,Sales,55,24,39550,25-09-2010,4.6,FALSE,149
81,Emp_81,Support,55,13,113560,07-09-2018,4.5,TRUE,124
82,Emp_82,Engineering,,32,57701,09-04-2021,5,TRUE,192
83,Emp_83,Finance,48,2,44668,01-06-2012,3.7,FALSE,101
84,Emp_84,Finance,52,27,93037,06-01-2020,2.5,TRUE,173
85,Emp_85,Sales,46,33,69292,27-10-2010,1.7,FALSE,157
86,Emp_86,Support,52,26,145178,25-04-2010,3.4,FALSE,131
87,Emp_87,Support,46,5,146868,18-07-2009,2.3,TRUE,146
88,Emp_88,HR,53,23,108461,20-12-2022,4.5,FALSE,127
89,Emp_89,HR,58,16,62640,17-10-2021,1.7,TRUE,146
90,Emp_90,Engineering,39,24,42023,15-06-2008,4.8,TRUE,158
91,Emp_91,Finance,31,11,98154,30-08-2023,2.9,FALSE,182
92,Emp_92,Support,28,5,137258,21-02-2015,4.9,TRUE,135
93,Emp_93,Support,43,2,146545,09-12-2010,1.9,FALSE,196
94,Emp_94,Engineering,39,24,36435,28-03-2015,2.3,FALSE,174
95,Emp_95,Engineering,40,27,66487,09-11-2009,2.6,TRUE,157
96,Emp_96,Finance,52,33,101720,02-06-2006,4.4,FALSE,140
97,Emp_97,HR,33,19,147116,10-12-2014,3.8,FALSE,156
98,Emp_98,HR,57,17,99834,08-02-2023,4.4,FALSE,114
99,Emp_99,Sales,56,13,82883,31-10-2018,,FALSE,102
100,Emp_100,Finance,25,12,71870,14-03-2018,3.2,TRUE,180
101,Emp_101,Finance,46,0,69505,28-05-2012,2.1,FALSE,157
102,Emp_102,HR,52,15,111431,12-07-2018,4.3,TRUE,133
103,Emp_103,Engineering,31,20,130545,09-06-2014,3.4,TRUE,172
104,Emp_104,Engineering,23,31,76936,14-02-2006,3.5,FALSE,183
105,Emp_105,Finance,23,14,39275,20-06-2023,1.6,TRUE,124
106,Emp_106,Finance,56,32,80987,19-12-2022,1.5,FALSE,163
107,Emp_107,Support,52,22,65696,26-03-2012,2.2,TRUE,127
108,Emp_108,Finance,40,18,134748,18-05-2012,,FALSE,184
109,Emp_109,Support,,19,60205,05-02-2016,1.4,FALSE,196
110,Emp_110,Engineering,43,13,146784,25-09-2018,3.4,FALSE,103
111,Emp_111,Support,34,17,,29-03-2016,1.9,TRUE,142
112,Emp_112,Support,34,20,108866,03-09-2023,4.6,FALSE,199
113,Emp_113,Support,50,0,77771,18-09-2018,4.1,FALSE,124
114,Emp_114,HR,49,20,34193,08-03-2005,4.1,TRUE,121
115,Emp_115,Finance,31,23,35944,30-12-2012,1.5,TRUE,170
116,Emp_116,HR,31,12,109233,27-07-2011,4.1,TRUE,187
117,Emp_117,Support,58,24,102009,28-02-2013,4.1,TRUE,187
118,Emp_118,Sales,,18,51877,16-08-2016,1.1,TRUE,122
119,Emp_119,Sales,41,29,131520,23-07-2019,3.7,FALSE,190
120,Emp_120,HR,46,19,52026,16-06-2023,3,TRUE,174
121,Emp_121,Support,59,32,43735,11-02-2011,2.1,FALSE,139
122,Emp_122,Sales,,14,98390,24-04-2008,1.4,FALSE,109
123,Emp_123,Sales,46,34,51460,31-05-2020,1.7,FALSE,141
124,Emp_124,Support,58,4,93907,19-02-2021,2.8,TRUE,101
125,Emp_125,Finance,38,6,100257,02-07-2023,4,FALSE,165
126,Emp_126,Engineering,32,23,130241,14-06-2012,1.5,TRUE,182
127,Emp_127,Engineering,55,20,105844,25-03-2013,4.3,TRUE,142
128,Emp_128,HR,39,5,40915,23-09-2008,2.9,TRUE,124
129,Emp_129,HR,55,22,40539,01-06-2018,2.7,FALSE,106
130,Emp_130,Finance,24,24,130483,01-12-2020,4.3,TRUE,134
131,Emp_131,HR,58,30,,11-12-2009,3,TRUE,118
132,Emp_132,HR,29,17,34608,26-11-2006,2.5,FALSE,120
133,Emp_133,Engineering,34,15,52578,18-09-2015,3.1,TRUE,131
134,Emp_134,Engineering,59,9,99772,20-04-2015,2,TRUE,172
135,Emp_135,Engineering,50,4,142789,11-10-2022,2.5,TRUE,152
136,Emp_136,HR,52,15,77585,21-01-2012,4.4,TRUE,121
137,Emp_137,HR,42,9,130090,01-06-2021,1.2,FALSE,172
138,Emp_138,Sales,,10,74230,06-08-2010,3.2,TRUE,159
139,Emp_139,Engineering,39,20,100684,16-12-2007,1,TRUE,177
140,Emp_140,Sales,38,12,121929,27-11-2012,2.4,FALSE,172
141,Emp_141,Finance,25,32,70652,27-03-2020,1.8,FALSE,170
142,Emp_142,HR,39,32,102038,09-11-2006,2.9,TRUE,108
143,Emp_143,Sales,58,20,86520,04-05-2009,4.3,TRUE,132
144,Emp_144,Engineering,56,27,65995,09-10-2021,1.8,TRUE,122
145,Emp_145,Finance,41,30,138967,23-01-2008,3.8,FALSE,122
146,Emp_146,Finance,34,10,94327,31-12-2013,1.6,TRUE,190
147,Emp_147,Finance,56,33,52891,20-03-2015,4.4,TRUE,189
148,Emp_148,Engineering,38,30,97072,02-02-2023,2.7,FALSE,125
149,Emp_149,Sales,,12,121290,17-11-2016,1.6,TRUE,147
150,Emp_150,Finance,23,6,85150,11-10-2012,2.2,TRUE,165
151,Emp_151,HR,48,13,53155,16-07-2020,2.7,FALSE,180
152,Emp_152,Finance,58,10,96408,21-07-2023,3.8,TRUE,165
153,Emp_153,Sales,31,14,103029,18-06-2010,1.2,TRUE,157
154,Emp_154,Finance,58,14,68514,26-01-2023,4.6,FALSE,131
155,Emp_155,Support,,19,134452,19-03-2006,2.4,FALSE,131
156,Emp_156,Finance,52,31,109435,07-04-2015,2.1,FALSE,163
157,Emp_157,Sales,36,27,35790,05-02-2012,1.4,TRUE,122
158,Emp_158,Engineering,44,24,60266,04-01-2010,3.4,FALSE,196
159,Emp_159,Sales,38,22,122087,27-04-2013,3.6,FALSE,185
160,Emp_160,Sales,57,19,118577,22-08-2015,2.3,FALSE,127
161,Emp_161,Support,59,17,118378,21-07-2022,1.3,TRUE,136
162,Emp_162,Support,59,28,35567,26-04-2020,2.8,FALSE,199
163,Emp_163,Support,56,4,74508,05-10-2020,4.2,FALSE,198
164,Emp_164,Sales,57,0,114186,01-08-2010,1.9,TRUE,146
165,Emp_165,HR,52,11,119545,20-11-2020,3,TRUE,177
166,Emp_166,HR,32,17,92293,12-11-2010,3.2,FALSE,193
167,Emp_167,HR,25,3,89246,14-12-2021,1.4,TRUE,174
168,Emp_168,HR,57,34,135806,25-11-2011,4.4,FALSE,175
169,Emp_169,Engineering,,8,92644,26-10-2015,2,FALSE,113
170,Emp_170,Sales,24,18,91577,26-01-2011,3.8,FALSE,182
171,Emp_171,Support,38,20,79508,24-10-2013,3.5,TRUE,159
172,Emp_172,Support,33,10,119554,12-02-2013,4.4,FALSE,136
173,Emp_173,Sales,44,14,,18-09-2012,1.1,FALSE,173
174,Emp_174,Finance,57,1,127999,21-11-2017,2.1,FALSE,184
175,Emp_175,Finance,32,19,102363,05-07-2019,4.1,FALSE,129
176,Emp_176,Support,25,29,44030,07-08-2023,3.9,FALSE,195
177,Emp_177,Sales,58,19,98958,07-04-2012,1.2,TRUE,133
178,Emp_178,Engineering,46,28,102496,13-07-2015,1.8,FALSE,150
179,Emp_179,Engineering,55,34,103667,05-10-2023,1.5,FALSE,179
180,Emp_180,Support,25,3,80503,28-01-2009,1.5,FALSE,166
181,Emp_181,Finance,46,24,60239,04-09-2013,2,FALSE,170
182,Emp_182,Sales,24,8,60533,09-12-2008,,TRUE,193
183,Emp_183,Support,52,0,122070,23-12-2013,4.4,FALSE,144
184,Emp_184,HR,28,23,123722,05-08-2010,4.6,FALSE,129
185,Emp_185,Support,47,3,71985,24-06-2021,1.8,TRUE,186
186,Emp_186,Finance,56,21,79579,20-04-2023,3.9,TRUE,113
187,Emp_187,Sales,54,33,125802,24-11-2016,1.9,FALSE,171
188,Emp_188,Finance,32,10,80694,12-08-2023,2.2,TRUE,190
189,Emp_189,Sales,,12,59371,23-01-2022,2.1,TRUE,151
190,Emp_190,Support,59,21,51016,28-02-2020,1.5,TRUE,196
191,Emp_191,Finance,44,8,147931,03-10-2023,3.5,TRUE,113
192,Emp_192,HR,26,33,45943,09-04-2007,4.6,FALSE,127
193,Emp_193,Engineering,59,24,,26-09-2019,1.1,TRUE,115
194,Emp_194,HR,51,29,37775,18-10-2005,2.3,TRUE,155
195,Emp_195,HR,35,15,104289,20-08-2016,3,TRUE,153
196,Emp_196,HR,55,27,129295,27-09-2015,3.8,TRUE,162
197,Emp_197,HR,48,9,54674,08-03-2010,3.4,TRUE,170
198,Emp_198,Sales,31,32,34657,12-08-2013,4.6,FALSE,106
199,Emp_199,Sales,56,6,85139,17-12-2005,4.4,FALSE,139
200,Emp_200,HR,,32,136743,23-03-2010,2.2,TRUE,184
201,Emp_201,Finance,38,6,51342,27-12-2016,2.7,FALSE,182
202,Emp_202,Engineering,44,17,,07-04-2008,3,FALSE,139
203,Emp_203,Support,28,19,31000,13-07-2023,2.2,FALSE,171
204,Emp_204,Engineering,53,24,77164,21-07-2011,2.5,FALSE,169
205,Emp_205,Sales,28,10,105486,03-10-2011,1.5,TRUE,167
206,Emp_206,Finance,26,10,53469,15-01-2022,3.9,FALSE,105
207,Emp_207,Engineering,50,4,107742,01-09-2007,4,TRUE,108
208,Emp_208,Finance,25,30,56407,19-07-2009,2.3,TRUE,199
209,Emp_209,HR,,9,42425,24-05-2010,2.6,FALSE,108
210,Emp_210,Engineering,46,3,140867,27-08-2008,1.2,FALSE,117
211,Emp_211,Sales,41,17,36632,11-08-2011,4.9,FALSE,175
212,Emp_212,Engineering,37,27,105075,08-04-2018,3.5,TRUE,186
213,Emp_213,Sales,40,30,144199,07-09-2009,1,TRUE,172
214,Emp_214,Finance,44,22,110773,21-08-2016,1.5,FALSE,187
215,Emp_215,Support,54,19,83674,25-10-2022,4.1,FALSE,174
216,Emp_216,HR,25,26,39525,10-01-2008,3.4,TRUE,159
217,Emp_217,Finance,50,30,83024,23-11-2016,4.1,FALSE,197
218,Emp_218,Engineering,34,14,,18-10-2008,2.8,FALSE,170
219,Emp_219,Support,45,1,100489,14-05-2015,3.8,FALSE,167
220,Emp_220,Sales,29,10,37211,27-11-2010,,FALSE,101
221,Emp_221,Sales,46,3,100209,29-04-2012,2.2,FALSE,195
222,Emp_222,Finance,31,14,42818,13-09-2015,4.1,TRUE,146
223,Emp_223,Sales,39,4,128317,19-05-2014,,TRUE,188
224,Emp_224,Support,54,11,108716,02-07-2023,4.4,TRUE,129
225,Emp_225,HR,32,11,121235,22-11-2005,4,FALSE,139
226,Emp_226,Support,25,27,84717,05-05-2020,4.4,FALSE,170
227,Emp_227,Support,54,33,,06-07-2016,3.6,FALSE,103
228,Emp_228,Engineering,32,3,126411,04-10-2014,4.4,FALSE,191
229,Emp_229,Sales,33,4,125596,24-06-2016,2,FALSE,109
230,Emp_230,Finance,40,7,106001,20-09-2014,1.8,FALSE,180
231,Emp_231,Sales,36,16,43469,06-02-2022,4.7,FALSE,173
232,Emp_232,Support,29,12,106486,16-02-2023,2.6,FALSE,152
233,Emp_233,Finance,52,15,36489,22-04-2008,1,FALSE,167
234,Emp_234,Support,49,18,144342,21-11-2009,4.9,FALSE,192
235,Emp_235,Sales,55,10,34576,04-06-2011,1.2,TRUE,133
236,Emp_236,Support,32,23,,31-01-2007,2.7,TRUE,109
237,Emp_237,Sales,34,33,101164,10-02-2015,4.9,FALSE,159
238,Emp_238,Engineering,22,7,103161,17-08-2008,2.2,TRUE,147
239,Emp_239,Finance,39,15,70350,15-12-2019,4.4,TRUE,171
240,Emp_240,Finance,58,2,105280,20-10-2022,2.8,TRUE,137
241,Emp_241,HR,56,34,135289,28-01-2011,3,TRUE,155
242,Emp_242,Finance,43,12,100916,10-02-2008,3.4,FALSE,142
243,Emp_243,Engineering,59,16,82227,04-06-2021,4.9,TRUE,121
244,Emp_244,HR,30,29,72603,12-04-2017,,TRUE,120
245,Emp_245,Support,38,12,96784,06-09-2014,2.8,TRUE,180
246,Emp_246,Sales,23,13,93546,06-05-2022,3.9,FALSE,165
247,Emp_247,Support,42,16,54277,28-01-2013,2.6,FALSE,134
248,Emp_248,Sales,30,10,69332,30-07-2020,3.5,FALSE,160
249,Emp_249,Sales,36,21,126734,01-12-2017,4.8,TRUE,189
250,Emp_250,Engineering,56,7,117677,29-03-2020,1.1,FALSE,171
251,Emp_251,Engineering,33,16,,08-04-2016,4.9,TRUE,144
252,Emp_252,HR,,27,114850,22-02-2013,3.3,TRUE,133
253,Emp_253,Engineering,36,18,46400,10-10-2009,3.7,TRUE,119
254,Emp_254,Engineering,59,17,131199,05-01-2010,1.1,FALSE,107
255,Emp_255,Sales,58,8,84485,07-09-2023,2.4,FALSE,165
256,Emp_256,Engineering,26,6,100921,05-08-2019,1.9,TRUE,124
257,Emp_257,Support,34,33,140274,04-08-2013,3.6,FALSE,143
258,Emp_258,Support,31,30,79920,02-10-2018,2.2,TRUE,132
259,Emp_259,Support,56,10,73098,31-10-2009,,TRUE,172
260,Emp_260,HR,42,34,47306,31-03-2022,3.9,TRUE,129
261,Emp_261,Sales,40,5,103984,04-12-2019,2.8,FALSE,113
262,Emp_262,Support,36,26,99635,20-12-2007,3.7,FALSE,136
263,Emp_263,Engineering,52,25,32422,28-11-2021,3,TRUE,163
264,Emp_264,Support,53,26,84789,14-03-2007,1.4,TRUE,165
265,Emp_265,Sales,47,3,64845,25-03-2022,4.2,FALSE,190
266,Emp_266,Engineering,54,8,102168,08-02-2010,1.5,TRUE,173
267,Emp_267,Support,58,12,128415,12-03-2018,1.1,TRUE,103
268,Emp_268,Sales,46,11,89369,15-08-2022,4.8,FALSE,142
269,Emp_269,HR,29,17,,07-01-2009,1.6,TRUE,184
270,Emp_270,Support,42,33,83628,03-01-2011,4.7,FALSE,176
271,Emp_271,Sales,50,3,115019,12-06-2009,2.1,FALSE,197
272,Emp_272,Support,50,17,,26-12-2013,,FALSE,107
273,Emp_273,Finance,47,12,133501,24-09-2006,2.1,FALSE,192
274,Emp_274,HR,53,22,124331,07-09-2005,3.5,TRUE,192
275,Emp_275,Finance,38,12,147680,08-10-2011,1.7,FALSE,120
276,Emp_276,Support,42,19,35401,17-10-2007,4.9,TRUE,165
277,Emp_277,Engineering,23,6,149499,11-06-2012,1.7,TRUE,117
278,Emp_278,Support,39,32,82059,17-10-2007,1.8,FALSE,160
279,Emp_279,Finance,40,23,97331,29-08-2018,2.8,FALSE,181
280,Emp_280,Finance,49,26,66161,05-02-2009,2.1,FALSE,168
281,Emp_281,HR,50,23,149735,11-12-2006,4.2,FALSE,100
282,Emp_282,HR,33,23,109598,06-04-2016,,TRUE,187
283,Emp_283,Support,59,26,57850,12-05-2023,4.3,TRUE,131
284,Emp_284,Finance,33,30,147212,28-11-2016,3.3,TRUE,115
285,Emp_285,Finance,55,12,121383,22-07-2023,3.5,TRUE,153
286,Emp_286,HR,52,3,98091,22-11-2020,1.9,FALSE,102
287,Emp_287,Sales,23,22,144741,26-11-2007,3.9,TRUE,152
288,Emp_288,Sales,43,18,45906,23-06-2010,4.4,TRUE,115
289,Emp_289,HR,33,12,110021,20-04-2020,1.3,TRUE,127
290,Emp_290,Sales,23,13,136201,23-02-2008,2.7,TRUE,148
291,Emp_291,Engineering,33,1,100867,03-05-2023,1.2,TRUE,175
292,Emp_292,HR,34,1,65146,20-11-2008,1.2,TRUE,157
293,Emp_293,Sales,52,25,140350,17-10-2023,3,TRUE,128
294,Emp_294,Sales,23,15,132648,23-07-2006,4.4,FALSE,152
295,Emp_295,Engineering,51,1,122969,09-03-2023,3.1,FALSE,176
296,Emp_296,HR,34,15,88159,13-06-2017,3.5,FALSE,192
297,Emp_297,HR,56,19,31858,04-03-2018,4.5,TRUE,107
298,Emp_298,Finance,34,10,63787,13-09-2023,4.2,FALSE,135
299,Emp_299,Engineering,43,34,50195,27-01-2005,,FALSE,153
300,Emp_300,Engineering,52,2,84506,09-12-2020,4.7,FALSE,111
301,Emp_301,Engineering,24,31,35883,07-11-2018,2.2,FALSE,166
302,Emp_302,Engineering,43,0,100695,15-05-2021,2.1,TRUE,110
303,Emp_303,Engineering,56,33,83645,21-07-2012,3.3,FALSE,187
304,Emp_304,Sales,53,12,133246,05-01-2010,4.1,TRUE,117
305,Emp_305,Support,57,32,142626,23-07-2010,3,TRUE,166
306,Emp_306,Finance,39,26,138290,16-01-2016,4.4,FALSE,133
307,Emp_307,Finance,23,17,133374,26-02-2012,1.7,FALSE,159
308,Emp_308,Finance,50,32,64486,11-07-2005,2.6,FALSE,124
309,Emp_309,Support,,15,49898,15-09-2015,2.2,TRUE,122
310,Emp_310,Engineering,22,14,113622,03-06-2008,4.3,TRUE,158
311,Emp_311,Support,52,6,121970,18-11-2006,2.8,TRUE,111
312,Emp_312,Sales,56,13,107394,31-08-2008,4.3,FALSE,184
313,Emp_313,Finance,38,8,133606,02-11-2016,2.1,FALSE,160
314,Emp_314,Sales,24,13,70373,15-08-2005,1.3,TRUE,139
315,Emp_315,Support,38,9,119187,21-11-2006,2,TRUE,118
316,Emp_316,Support,34,13,96326,30-01-2013,4.6,TRUE,117
317,Emp_317,HR,35,16,37095,05-01-2023,4.7,TRUE,178
318,Emp_318,Finance,59,30,148327,21-07-2018,2.1,TRUE,171
319,Emp_319,HR,58,7,83325,28-05-2007,1.8,TRUE,129
320,Emp_320,Support,53,10,61589,11-05-2022,4.8,FALSE,163
321,Emp_321,Support,56,20,143190,26-04-2011,1.4,FALSE,122
322,Emp_322,Support,24,21,111828,10-02-2021,4.9,FALSE,150
323,Emp_323,Sales,33,20,43098,21-04-2011,2.4,TRUE,124
324,Emp_324,HR,50,15,40932,04-10-2007,2.2,TRUE,186
325,Emp_325,Support,33,26,111634,12-11-2019,2.7,TRUE,111
326,Emp_326,HR,,30,102243,16-05-2019,4.6,FALSE,131
327,Emp_327,Engineering,24,22,132812,31-07-2020,1.8,FALSE,194
328,Emp_328,Engineering,25,24,118037,05-09-2014,2.5,FALSE,153
329,Emp_329,Engineering,56,19,75048,25-11-2022,4.8,TRUE,169
330,Emp_330,Sales,26,24,121990,07-09-2009,1.2,TRUE,158
331,Emp_331,Support,48,12,105961,17-03-2009,2.1,FALSE,164
332,Emp_332,Engineering,26,18,,31-07-2007,5,TRUE,191
333,Emp_333,Sales,,24,,17-01-2021,4.5,TRUE,100
334,Emp_334,Support,42,17,88791,12-03-2011,4,FALSE,163
335,Emp_335,Engineering,59,29,113989,15-11-2008,1.1,TRUE,168
336,Emp_336,Engineering,50,5,123397,22-06-2008,2.9,TRUE,106
337,Emp_337,HR,33,12,85872,13-08-2020,1.5,TRUE,133
338,Emp_338,Finance,27,22,44090,26-03-2005,2.4,TRUE,195
339,Emp_339,HR,23,17,76332,23-11-2015,1.7,FALSE,122
340,Emp_340,Support,55,34,34311,03-04-2010,2.7,FALSE,197
341,Emp_341,HR,36,30,119150,23-11-2020,4.9,FALSE,182
342,Emp_342,Finance,28,9,112753,14-04-2023,1.3,TRUE,185
343,Emp_343,Finance,52,14,36475,03-02-2005,4.2,TRUE,102
344,Emp_344,Engineering,27,16,135372,05-05-2022,3.5,TRUE,152
345,Emp_345,Finance,48,11,112165,13-06-2006,1.6,FALSE,172
346,Emp_346,Sales,56,19,41436,09-12-2007,2.9,FALSE,198
347,Emp_347,Finance,40,15,56334,17-10-2018,4.2,FALSE,127
348,Emp_348,HR,46,21,72383,29-04-2007,2.4,FALSE,174
349,Emp_349,Support,51,3,111358,20-03-2022,2.6,TRUE,112
350,Emp_350,Sales,24,27,130662,23-12-2016,3.9,TRUE,174
351,Emp_351,Sales,28,25,104068,29-11-2013,4.9,TRUE,196
352,Emp_352,Sales,40,27,126416,16-06-2023,1.5,TRUE,195
353,Emp_353,Engineering,40,19,107454,23-08-2020,2.4,FALSE,121
354,Emp_354,HR,47,18,132427,22-06-2005,1.3,TRUE,116
355,Emp_355,Sales,40,2,32534,04-06-2013,1,FALSE,104
356,Emp_356,Finance,45,5,141225,16-01-2009,2.2,TRUE,124
357,Emp_357,Sales,44,4,51324,11-12-2014,1.8,TRUE,142
358,Emp_358,HR,40,30,149085,16-08-2013,3,TRUE,153
359,Emp_359,Finance,28,20,98084,08-05-2007,2.4,FALSE,186
360,Emp_360,Sales,39,11,88400,16-01-2016,1.7,FALSE,133
361,Emp_361,Support,38,15,118285,22-09-2013,4.8,TRUE,148
362,Emp_362,Support,,4,122055,04-07-2012,4,FALSE,190
363,Emp_363,HR,26,31,,10-01-2017,,TRUE,173
364,Emp_364,HR,45,6,102826,24-05-2012,2.1,TRUE,195
365,Emp_365,Finance,44,13,49042,14-01-2015,4.2,FALSE,132
366,Emp_366,Engineering,40,1,38573,09-09-2015,4.9,FALSE,161
367,Emp_367,HR,36,9,50642,29-06-2017,4.9,FALSE,112
368,Emp_368,Finance,52,14,72061,29-09-2005,3.8,FALSE,113
369,Emp_369,Finance,50,27,37127,28-01-2020,3.1,TRUE,103
370,Emp_370,Engineering,57,33,72943,27-07-2018,1.5,FALSE,150
371,Emp_371,HR,31,19,131740,08-03-2005,2.1,TRUE,102
372,Emp_372,Engineering,41,17,132881,19-12-2010,4.6,FALSE,118
373,Emp_373,Finance,29,30,70038,23-07-2013,4.6,TRUE,189
374,Emp_374,HR,37,19,55227,14-07-2007,2.1,FALSE,113
375,Emp_375,HR,51,20,100187,30-03-2018,3.1,FALSE,159
376,Emp_376,Support,54,10,83341,03-07-2016,3.2,FALSE,162
377,Emp_377,Support,22,11,32254,08-10-2022,4.1,TRUE,108
378,Emp_378,Finance,45,8,132306,27-09-2021,4.8,FALSE,169
379,Emp_379,HR,41,3,111172,26-04-2008,4.1,TRUE,155
380,Emp_380,Engineering,41,31,113962,30-04-2005,4,TRUE,121
381,Emp_381,Engineering,46,34,,11-07-2016,4.2,TRUE,180
382,Emp_382,Support,41,12,145158,06-11-2021,2.4,FALSE,153
383,Emp_383,Finance,26,17,39725,11-04-2008,4.3,TRUE,167
384,Emp_384,Support,26,24,78256,21-10-2005,3.9,FALSE,133
385,Emp_385,HR,50,9,82494,03-04-2015,3,TRUE,133
386,Emp_386,Finance,43,10,105008,09-01-2015,4.1,TRUE,163
387,Emp_387,Sales,52,26,51391,28-06-2023,1.5,FALSE,172
388,Emp_388,Sales,48,3,88824,29-12-2005,3.3,TRUE,100
389,Emp_389,HR,55,4,86558,08-04-2022,1.2,FALSE,159
390,Emp_390,Support,23,21,146897,18-03-2016,2.8,FALSE,158
391,Emp_391,Engineering,40,29,96438,20-09-2019,3.7,FALSE,147
392,Emp_392,Support,28,30,47793,28-01-2022,1.9,TRUE,199
393,Emp_393,Sales,49,16,34260,10-03-2009,1.8,FALSE,184
394,Emp_394,Engineering,33,21,87557,20-12-2005,3.7,FALSE,183
395,Emp_395,HR,34,12,,10-06-2018,5,FALSE,120
396,Emp_396,Finance,51,29,141862,08-06-2022,,FALSE,153
397,Emp_397,Support,,15,46182,23-07-2016,4.8,FALSE,194
398,Emp_398,Support,48,31,61296,02-01-2016,4.2,TRUE,106
399,Emp_399,Finance,24,18,143277,07-09-2021,4.1,FALSE,191
400,Emp_400,Finance,49,22,34715,12-07-2021,1.5,FALSE,195
401,Emp_401,Engineering,41,1,103770,14-11-2014,2.8,FALSE,160
402,Emp_402,Support,33,19,142185,17-05-2009,5,TRUE,108
403,Emp_403,Sales,58,0,84032,07-10-2020,1.2,TRUE,108
404,Emp_404,Engineering,54,2,78198,04-07-2008,4,TRUE,114
405,Emp_405,Finance,49,17,54521,12-06-2015,1.8,FALSE,132
406,Emp_406,Sales,33,14,93345,17-10-2006,3.4,FALSE,152
407,Emp_407,Finance,,12,90091,05-05-2010,4.3,TRUE,192
408,Emp_408,Finance,47,23,149889,27-01-2019,5,TRUE,114
409,Emp_409,Engineering,55,10,119603,13-03-2013,4.5,FALSE,113
410,Emp_410,Support,27,18,78004,09-08-2015,1.4,FALSE,166
411,Emp_411,Support,52,19,122456,27-07-2014,4.1,FALSE,142
412,Emp_412,Support,24,34,61633,19-12-2008,2.8,TRUE,160
413,Emp_413,HR,24,33,72588,21-06-2007,1.3,FALSE,114
414,Emp_414,HR,23,13,47318,18-11-2011,1.4,TRUE,188
415,Emp_415,Sales,29,4,65290,09-12-2006,3.3,FALSE,187
416,Emp_416,Engineering,31,10,89558,14-04-2010,2.9,FALSE,166
417,Emp_417,Finance,,3,43229,31-07-2006,1.8,TRUE,119
418,Emp_418,Sales,46,27,71175,28-07-2017,3.6,TRUE,165
419,Emp_419,Sales,58,27,125385,06-06-2005,3,FALSE,169
420,Emp_420,Support,34,32,115893,15-10-2013,2.1,FALSE,102
421,Emp_421,Engineering,48,21,113319,13-03-2021,4.9,FALSE,113
422,Emp_422,Sales,49,31,94699,09-10-2012,1.6,TRUE,187
423,Emp_423,HR,51,15,44185,17-04-2009,2.1,FALSE,156
424,Emp_424,Sales,41,0,101710,14-02-2017,1.3,FALSE,181
425,Emp_425,Finance,47,14,32805,22-01-2022,2.8,TRUE,188
426,Emp_426,Finance,54,12,135976,28-11-2022,1.4,TRUE,104
427,Emp_427,Sales,32,18,,28-05-2008,1,FALSE,190
428,Emp_428,Support,45,24,120214,15-04-2006,4.8,TRUE,150
429,Emp_429,Sales,59,34,51792,02-12-2017,2.8,FALSE,149
430,Emp_430,HR,39,18,109322,06-03-2022,2.1,FALSE,159
431,Emp_431,Finance,47,27,,03-07-2017,3.2,FALSE,135
432,Emp_432,Sales,31,21,74699,06-12-2018,3.1,TRUE,116
433,Emp_433,Support,47,30,43273,09-12-2006,3.8,FALSE,107
434,Emp_434,Sales,37,3,69473,15-09-2022,4.1,FALSE,115
435,Emp_435,Engineering,52,34,72768,01-03-2023,4.4,TRUE,125
436,Emp_436,HR,23,4,132366,12-03-2022,2.7,FALSE,153
437,Emp_437,Sales,26,9,88133,21-11-2021,4.1,FALSE,128
438,Emp_438,Support,38,5,91817,21-04-2007,,FALSE,102
439,Emp_439,HR,54,17,39325,11-01-2008,1.9,TRUE,160
440,Emp_440,Sales,57,14,,10-05-2018,2.9,FALSE,179
441,Emp_441,Engineering,25,33,42589,24-10-2006,1.8,TRUE,133
442,Emp_442,Sales,47,28,135307,29-12-2005,,FALSE,189
443,Emp_443,Finance,28,7,103201,01-04-2010,4.3,TRUE,132
444,Emp_444,Engineering,41,9,73747,22-03-2018,,TRUE,110
445,Emp_445,HR,42,16,49696,05-06-2018,,TRUE,144
446,Emp_446,HR,52,18,79620,09-03-2018,3.9,FALSE,103
447,Emp_447,Support,,21,43865,29-12-2018,2,TRUE,187
448,Emp_448,Support,47,28,80632,16-08-2006,1.4,FALSE,169
449,Emp_449,Finance,56,32,81969,26-10-2021,4.8,FALSE,167
450,Emp_450,Engineering,58,23,52016,17-03-2014,,FALSE,170
451,Emp_451,Finance,50,20,122643,21-04-2021,2.4,FALSE,194
452,Emp_452,Finance,27,27,112409,24-06-2021,1.2,FALSE,152
453,Emp_453,HR,52,15,103846,03-05-2011,2.8,FALSE,101
454,Emp_454,Sales,45,20,147165,16-12-2013,3.4,FALSE,115
455,Emp_455,Finance,30,6,,10-08-2010,2.4,TRUE,108
456,Emp_456,HR,46,5,59499,10-10-2020,3.4,TRUE,132
457,Emp_457,Support,28,12,112815,03-06-2015,4.1,TRUE,103
458,Emp_458,Support,45,31,117299,28-12-2009,2.3,TRUE,197
459,Emp_459,Sales,35,3,92695,23-06-2013,5,FALSE,156
460,Emp_460,Engineering,55,33,94616,26-03-2010,1.7,TRUE,194
461,Emp_461,Finance,39,13,119137,16-09-2007,2.4,TRUE,101
462,Emp_462,Finance,22,22,30706,11-10-2009,4.9,FALSE,153
463,Emp_463,Engineering,37,25,146116,25-06-2016,2.3,TRUE,158
464,Emp_464,Sales,37,33,119227,11-05-2016,3.9,TRUE,198
465,Emp_465,Support,52,14,124606,24-02-2013,3.3,FALSE,102
466,Emp_466,Engineering,44,32,116290,31-03-2016,2.6,FALSE,120
467,Emp_467,Support,56,27,102749,31-12-2015,4.5,FALSE,143
468,Emp_468,Engineering,39,1,116592,15-01-2008,,FALSE,114
469,Emp_469,HR,44,24,48734,16-08-2020,2.1,TRUE,108
470,Emp_470,Finance,57,18,102244,19-01-2022,3.6,FALSE,153
471,Emp_471,Support,23,21,30680,14-02-2011,2.4,TRUE,129
472,Emp_472,HR,29,10,135250,03-05-2008,4.2,TRUE,165
473,Emp_473,Sales,37,5,120676,19-11-2008,1.1,FALSE,135
474,Emp_474,Engineering,55,26,34266,05-11-2016,4.1,FALSE,160
475,Emp_475,Sales,40,7,73420,23-08-2018,3.6,FALSE,171
476,Emp_476,Support,37,31,111149,16-10-2020,2,TRUE,132
477,Emp_477,Finance,36,30,60541,03-08-2021,2.4,FALSE,124
478,Emp_478,Sales,25,12,31257,02-03-2014,2.4,TRUE,165
479,Emp_479,Engineering,40,29,139196,18-02-2008,3.6,FALSE,171
480,Emp_480,HR,44,34,85386,04-10-2014,2.9,TRUE,193
481,Emp_481,Support,51,12,88809,11-08-2018,3.8,TRUE,151
482,Emp_482,HR,27,2,126809,10-03-2009,,FALSE,139
483,Emp_483,Engineering,,9,60392,30-12-2014,3.2,TRUE,146
484,Emp_484,Engineering,58,26,30283,18-02-2021,2.9,TRUE,106
485,Emp_485,HR,43,21,130131,11-12-2023,3.2,TRUE,127
486,Emp_486,Engineering,38,5,65180,21-11-2008,,TRUE,194
487,Emp_487,Finance,26,23,131006,11-07-2023,4.1,TRUE,172
488,Emp_488,Finance,35,1,68844,25-01-2012,3.1,TRUE,161
489,Emp_489,HR,48,17,145279,11-11-2016,2.4,FALSE,130
490,Emp_490,Finance,,27,41156,28-06-2014,2.3,TRUE,180
491,Emp_491,HR,52,21,105776,30-11-2005,2.2,TRUE,119
492,Emp_492,Support,34,0,39401,17-03-2018,4.8,FALSE,153
493,Emp_493,HR,,18,39445,21-07-2006,2,FALSE,124
494,Emp_494,Support,35,5,106261,12-02-2013,4.6,FALSE,152
495,Emp_495,Engineering,57,22,110062,18-12-2018,2.3,TRUE,160
496,Emp_496,Support,23,34,56048,16-02-2009,4.1,FALSE,162
497,Emp_497,HR,47,29,125767,10-12-2019,2,FALSE,184
498,Emp_498,Finance,30,6,146317,09-10-2007,2.1,TRUE,140
499,Emp_499,HR,36,31,128252,07-11-2020,4.5,FALSE,167
500,Emp_500,Support,26,33,118492,05-09-2016,2.8,TRUE,115
501,Emp_501,Sales,49,18,73187,08-09-2010,1.5,FALSE,195
502,Emp_502,HR,48,23,105726,23-02-2009,1.2,FALSE,122
503,Emp_503,HR,55,5,100096,27-09-2022,3.9,FALSE,146
504,Emp_504,Sales,46,16,147456,21-01-2021,,FALSE,171
505,Emp_505,Support,50,19,65846,05-04-2007,4.4,FALSE,195
506,Emp_506,Engineering,31,15,41687,28-03-2005,2.6,FALSE,119
507,Emp_507,Engineering,34,15,54309,16-05-2012,4,TRUE,183
508,Emp_508,Sales,,27,,21-02-2016,2.7,TRUE,165
509,Emp_509,Sales,57,27,58415,29-05-2022,3.3,TRUE,142
510,Emp_510,Support,30,0,104587,10-05-2021,4.6,FALSE,157
511,Emp_511,HR,37,3,127842,03-09-2020,1.1,FALSE,189
512,Emp_512,Support,53,15,50695,07-11-2019,1.6,FALSE,110
513,Emp_513,HR,41,0,,27-05-2007,1,FALSE,128
514,Emp_514,HR,43,7,94008,02-01-2012,4.3,FALSE,190
515,Emp_515,Finance,49,16,147910,16-08-2010,4.4,TRUE,126
516,Emp_516,Finance,51,31,129264,22-04-2008,1.2,TRUE,199
517,Emp_517,Sales,25,11,,23-04-2017,5,FALSE,105
518,Emp_518,Sales,37,16,85720,18-06-2011,3.5,TRUE,113
519,Emp_519,Sales,43,20,144389,08-09-2018,4.2,FALSE,122
520,Emp_520,HR,24,12,80934,16-01-2014,2.2,FALSE,144
521,Emp_521,HR,37,26,95303,08-06-2015,1.9,TRUE,105
522,Emp_522,Finance,22,16,148852,29-09-2006,3.4,TRUE,107
523,Emp_523,Sales,,5,50188,27-10-2021,1.7,TRUE,130
524,Emp_524,HR,24,5,95412,08-04-2007,2.2,FALSE,144
525,Emp_525,Support,43,16,103698,28-02-2007,2.2,FALSE,127
526,Emp_526,HR,40,18,85753,27-07-2006,2.9,TRUE,190
527,Emp_527,Sales,50,17,125490,18-11-2018,1.7,TRUE,167
528,Emp_528,HR,51,20,42134,14-02-2017,1.9,TRUE,149
529,Emp_529,Engineering,42,23,58356,04-10-2020,4.1,FALSE,120
530,Emp_530,Support,34,0,133515,20-08-2021,3.1,FALSE,163
531,Emp_531,HR,25,19,80631,10-11-2021,4.5,FALSE,175
532,Emp_532,Sales,52,27,145630,30-12-2013,4.6,TRUE,113
533,Emp_533,Sales,29,20,137052,18-05-2016,3.3,FALSE,130
534,Emp_534,Sales,25,15,39807,06-02-2010,1,FALSE,127
535,Emp_535,Finance,36,30,43716,06-04-2019,4.3,TRUE,183
536,Emp_536,Sales,39,19,82943,12-05-2009,4.8,TRUE,165
537,Emp_537,Sales,38,9,46878,23-08-2018,1.7,TRUE,114
538,Emp_538,Support,49,17,33688,06-12-2023,2.8,TRUE,132
539,Emp_539,Sales,24,17,146260,23-01-2005,1.5,TRUE,141
540,Emp_540,Finance,46,6,,23-11-2009,1,FALSE,128
541,Emp_541,Support,37,20,56296,21-12-2019,1.3,FALSE,177
542,Emp_542,Engineering,,7,97523,24-05-2015,2.7,FALSE,193
543,Emp_543,Support,31,29,46887,24-10-2021,2.9,FALSE,186
544,Emp_544,Sales,39,22,56111,24-01-2023,1.9,FALSE,160
545,Emp_545,Support,41,6,37956,05-02-2017,1.1,FALSE,142
546,Emp_546,Finance,37,31,86983,05-06-2021,1.5,TRUE,196
547,Emp_547,Engineering,39,32,146938,07-09-2005,,TRUE,100
548,Emp_548,Finance,43,4,61637,11-02-2016,2.5,TRUE,173
549,Emp_549,Sales,53,34,123314,05-05-2010,2.8,TRUE,190
550,Emp_550,Support,28,3,130851,13-10-2012,2.6,FALSE,103
551,Emp_551,Finance,58,20,55808,26-08-2010,,FALSE,104
552,Emp_552,Finance,58,2,42123,05-11-2010,4.6,FALSE,109
553,Emp_553,Support,45,9,75938,17-05-2008,1.6,TRUE,109
554,Emp_554,Support,48,16,108394,25-10-2023,1.7,TRUE,152
555,Emp_555,Finance,23,9,77317,13-12-2016,1.4,TRUE,123
556,Emp_556,Sales,39,2,118433,11-02-2009,1.1,FALSE,179
557,Emp_557,Support,49,25,141013,11-03-2013,1.2,FALSE,132
558,Emp_558,Engineering,50,31,98635,19-02-2013,3.9,FALSE,133
559,Emp_559,Finance,23,28,126354,17-10-2011,1.9,FALSE,125
560,Emp_560,Support,58,15,94981,01-08-2005,3.1,TRUE,174
561,Emp_561,HR,46,6,48325,14-05-2018,2,TRUE,199
562,Emp_562,HR,35,17,114554,17-06-2014,2.3,FALSE,138
563,Emp_563,Support,27,11,58025,11-05-2012,3.4,FALSE,111
564,Emp_564,HR,43,31,71485,26-02-2015,3.5,TRUE,102
565,Emp_565,Support,22,8,74043,21-09-2008,2,TRUE,160
566,Emp_566,Support,31,4,129117,20-07-2016,4.3,TRUE,129
567,Emp_567,HR,42,5,126528,26-04-2014,1.2,FALSE,137
568,Emp_568,HR,26,9,49419,10-12-2011,2.7,TRUE,161
569,Emp_569,Finance,53,16,85766,26-11-2007,1.5,FALSE,136
570,Emp_570,Engineering,44,10,146129,25-08-2013,2.8,FALSE,175
571,Emp_571,Finance,,19,123686,19-04-2020,1.6,FALSE,185
572,Emp_572,Engineering,51,19,86758,06-05-2012,3.1,FALSE,171
573,Emp_573,Engineering,25,23,88949,23-02-2007,4.1,TRUE,162
574,Emp_574,HR,,5,91455,26-01-2017,4.8,FALSE,117
575,Emp_575,Support,39,25,40604,27-06-2008,1.1,FALSE,170
576,Emp_576,Support,30,33,80797,23-09-2011,2,TRUE,181
577,Emp_577,HR,55,5,109468,12-03-2022,2.5,FALSE,163
578,Emp_578,Engineering,29,6,110582,05-03-2015,2.7,FALSE,159
579,Emp_579,HR,44,2,37261,13-05-2020,2.9,FALSE,100
580,Emp_580,Engineering,23,12,56332,07-06-2008,2,FALSE,113
581,Emp_581,Sales,41,9,130196,20-07-2019,2.2,FALSE,100
582,Emp_582,Engineering,23,34,45281,01-07-2022,4.6,FALSE,137
583,Emp_583,Finance,53,6,87097,07-04-2007,3.1,FALSE,187
584,Emp_584,Finance,53,16,131135,27-09-2011,1.2,FALSE,138
585,Emp_585,Support,50,30,,10-02-2016,4.3,TRUE,173
586,Emp_586,HR,,6,30973,11-04-2011,4.1,TRUE,120
587,Emp_587,HR,29,0,100820,08-09-2014,1.9,TRUE,129
588,Emp_588,HR,54,21,,04-02-2017,4.3,FALSE,195
589,Emp_589,Engineering,28,22,38537,01-02-2016,4.7,TRUE,166
590,Emp_590,Sales,42,29,56786,31-01-2010,3.1,FALSE,104
591,Emp_591,HR,49,0,55346,20-03-2008,4.4,TRUE,146
592,Emp_592,Sales,24,25,148674,27-05-2011,4.8,FALSE,178
593,Emp_593,Finance,33,34,127913,17-12-2013,1.7,TRUE,170
594,Emp_594,HR,31,1,145262,17-12-2009,3.7,FALSE,114
595,Emp_595,Engineering,49,14,72204,24-03-2018,2.3,FALSE,122
596,Emp_596,Support,36,9,138032,23-09-2017,5,FALSE,101
597,Emp_597,Support,36,22,53955,09-02-2018,,TRUE,178
598,Emp_598,Support,30,29,33295,15-03-2017,2,FALSE,128
599,Emp_599,Sales,58,20,64986,16-11-2009,2.1,TRUE,172
600,Emp_600,Finance,39,20,138910,18-04-2010,1.7,FALSE,195
601,Emp_601,Sales,,18,149475,17-11-2023,1,FALSE,113
602,Emp_602,Engineering,55,15,74512,23-10-2015,4,TRUE,138
603,Emp_603,Sales,53,2,48315,07-03-2020,4.5,TRUE,120
604,Emp_604,Sales,23,33,88094,08-03-2018,3.7,FALSE,120
605,Emp_605,Support,33,8,38262,09-02-2010,,TRUE,132
606,Emp_606,HR,41,21,57317,23-05-2009,2.6,FALSE,191
607,Emp_607,HR,34,28,33357,06-10-2006,2.5,TRUE,139
608,Emp_608,HR,55,30,83887,05-04-2020,2.2,TRUE,187
609,Emp_609,Sales,51,24,123538,17-04-2016,4.9,TRUE,197
610,Emp_610,Support,36,21,33669,22-07-2017,1.5,FALSE,150
611,Emp_611,Finance,41,22,30740,04-03-2018,2.9,TRUE,145
612,Emp_612,Finance,44,12,107922,06-09-2020,3.9,FALSE,112
613,Emp_613,Support,55,8,106710,07-10-2017,3.7,FALSE,164
614,Emp_614,Support,35,30,50158,30-10-2018,,FALSE,174
615,Emp_615,Support,34,30,113810,14-02-2013,3.8,FALSE,128
616,Emp_616,HR,43,32,134559,04-04-2021,3.1,FALSE,187
617,Emp_617,Engineering,55,28,132620,09-09-2015,,TRUE,174
618,Emp_618,Engineering,50,3,76803,19-03-2008,3.8,TRUE,149
619,Emp_619,Engineering,43,33,35402,05-08-2014,4.6,TRUE,156
620,Emp_620,Support,33,6,44575,28-08-2008,4.3,TRUE,167
621,Emp_621,Support,26,34,87501,13-02-2022,1.4,TRUE,143
622,Emp_622,HR,37,9,31076,09-04-2012,3.5,TRUE,174
623,Emp_623,Sales,40,0,64188,16-12-2007,2.9,TRUE,146
624,Emp_624,Engineering,23,5,71526,23-12-2013,3.8,FALSE,190
625,Emp_625,Sales,56,5,91906,29-05-2015,4.8,FALSE,139
626,Emp_626,Support,23,4,129835,19-05-2013,4.3,TRUE,127
627,Emp_627,Engineering,34,11,37134,12-08-2005,3.6,TRUE,139
628,Emp_628,Sales,41,28,81593,23-11-2009,1.6,TRUE,183
629,Emp_629,Engineering,30,17,120791,30-01-2007,2.8,TRUE,173
630,Emp_630,Sales,,13,81431,26-03-2017,4.1,FALSE,194
631,Emp_631,Support,57,12,77907,10-03-2014,3.3,TRUE,153
632,Emp_632,Sales,38,12,80974,10-09-2022,2.3,FALSE,199
633,Emp_633,Engineering,42,12,127308,19-10-2021,1.6,TRUE,184
634,Emp_634,Finance,27,1,77412,21-06-2012,4.5,FALSE,177
635,Emp_635,Engineering,56,16,123316,25-06-2006,1.7,TRUE,113
636,Emp_636,Engineering,38,25,61529,26-04-2008,1.2,TRUE,162
637,Emp_637,HR,41,0,86871,19-03-2016,3.8,FALSE,170
638,Emp_638,Sales,42,1,39042,12-12-2021,1.1,TRUE,132
639,Emp_639,Finance,39,0,57894,14-02-2009,4.7,TRUE,153
640,Emp_640,HR,56,28,,08-09-2008,1.8,TRUE,157
641,Emp_641,Finance,54,2,31615,16-05-2023,1.3,FALSE,139
642,Emp_642,Sales,42,1,48223,10-10-2005,4.9,TRUE,180
643,Emp_643,Engineering,54,6,116867,23-03-2005,1.6,TRUE,178
644,Emp_644,Sales,44,12,,08-09-2008,2.6,FALSE,116
645,Emp_645,Finance,34,16,40232,13-07-2014,1.9,FALSE,169
646,Emp_646,Support,55,6,37104,20-04-2023,,TRUE,170
647,Emp_647,HR,54,2,133325,23-05-2014,2.9,FALSE,115
648,Emp_648,Sales,,4,35453,07-12-2015,2.1,FALSE,106
649,Emp_649,HR,,30,133323,03-03-2012,2.2,TRUE,155
650,Emp_650,Engineering,37,11,124654,07-08-2007,1.3,FALSE,167
651,Emp_651,Finance,34,32,104047,05-09-2016,3.3,TRUE,156
652,Emp_652,Support,29,2,86989,31-12-2017,3.3,TRUE,151
653,Emp_653,HR,57,13,140074,31-10-2020,,FALSE,155
654,Emp_654,Finance,25,15,66899,05-05-2012,3.6,TRUE,114
655,Emp_655,Engineering,27,17,113488,03-07-2019,2.2,TRUE,165
656,Emp_656,Support,30,28,,13-03-2014,1.9,TRUE,186
657,Emp_657,HR,30,4,82719,31-12-2005,1.5,TRUE,182
658,Emp_658,Sales,25,26,68650,13-07-2015,4.9,TRUE,183
659,Emp_659,HR,28,23,82815,19-05-2012,4.5,TRUE,157
660,Emp_660,HR,38,20,125968,14-11-2019,3.8,TRUE,188
661,Emp_661,Sales,48,22,101344,05-10-2011,1.7,FALSE,157
662,Emp_662,HR,30,33,118347,22-12-2020,2.9,TRUE,182
663,Emp_663,Finance,55,14,86075,09-01-2015,,TRUE,121
664,Emp_664,Support,22,0,30775,26-09-2019,3.4,TRUE,172
665,Emp_665,HR,29,17,142793,22-06-2014,3.8,TRUE,189
666,Emp_666,Sales,58,4,74547,16-09-2006,2.2,FALSE,155
667,Emp_667,Sales,46,30,99536,26-11-2009,1.8,FALSE,107
668,Emp_668,Engineering,42,20,58382,04-11-2019,4.7,TRUE,151
669,Emp_669,HR,58,30,123772,02-05-2006,1.6,FALSE,118
670,Emp_670,Sales,48,7,141840,15-04-2018,4.2,TRUE,159
671,Emp_671,Support,28,20,119177,30-06-2006,4.9,FALSE,170
672,Emp_672,Engineering,49,9,50649,03-05-2017,4.3,FALSE,111
673,Emp_673,Engineering,51,9,131728,16-11-2015,4.1,TRUE,170
674,Emp_674,Finance,33,3,107172,08-12-2018,4.9,FALSE,166
675,Emp_675,Sales,49,19,85975,31-08-2010,1.6,FALSE,127
676,Emp_676,Finance,,13,31822,23-04-2021,2,TRUE,166
677,Emp_677,HR,56,14,107629,10-10-2009,3.8,FALSE,162
678,Emp_678,Sales,39,6,84347,12-07-2022,3.9,FALSE,148
679,Emp_679,HR,41,21,138884,16-09-2006,4.4,FALSE,110
680,Emp_680,Finance,44,31,46323,08-06-2005,1.3,FALSE,178
681,Emp_681,Finance,38,19,145689,06-10-2021,1.3,FALSE,159
682,Emp_682,HR,48,13,131945,19-04-2012,5,FALSE,138
683,Emp_683,Engineering,23,25,35866,06-04-2011,3,TRUE,196
684,Emp_684,Finance,37,11,100236,12-12-2008,2.2,TRUE,195
685,Emp_685,Finance,36,30,,09-12-2010,1.5,TRUE,178
686,Emp_686,Sales,57,16,71251,22-01-2023,3.8,TRUE,119
687,Emp_687,HR,54,8,124795,01-02-2013,3.2,FALSE,131
688,Emp_688,Finance,58,30,67571,19-08-2017,1.8,TRUE,119
689,Emp_689,HR,,18,75678,02-01-2023,2.2,TRUE,185
690,Emp_690,Engineering,34,30,45056,20-12-2020,4.5,FALSE,107
691,Emp_691,Support,33,22,98742,26-05-2011,1.1,FALSE,149
692,Emp_692,Sales,25,4,87426,15-04-2011,2.2,FALSE,157
693,Emp_693,Support,33,7,36320,23-05-2006,4.5,FALSE,162
694,Emp_694,Finance,42,19,114556,28-05-2022,4.1,TRUE,108
695,Emp_695,Sales,54,0,134325,03-02-2019,4.8,TRUE,185
696,Emp_696,HR,48,31,,18-08-2022,1.2,FALSE,164
697,Emp_697,HR,25,30,49352,31-07-2014,3.5,FALSE,194
698,Emp_698,Finance,42,18,55657,17-01-2006,1.2,TRUE,109
699,Emp_699,HR,46,9,50605,26-03-2010,2.2,TRUE,142
700,Emp_700,Support,43,24,87981,23-06-2012,4.9,TRUE,193
701,Emp_701,HR,32,18,91381,30-12-2011,3.7,TRUE,154
702,Emp_702,Engineering,36,5,94471,29-08-2022,1.9,TRUE,185
703,Emp_703,Engineering,48,15,80329,26-04-2006,4.6,FALSE,194
704,Emp_704,Finance,57,24,100176,30-12-2008,,FALSE,118
705,Emp_705,Support,47,13,96235,21-09-2007,2,TRUE,176
706,Emp_706,Finance,39,8,37433,17-01-2010,4,FALSE,101
707,Emp_707,HR,59,20,112614,04-09-2023,2,TRUE,114
708,Emp_708,Finance,38,17,146793,30-03-2015,3.6,TRUE,191
709,Emp_709,Sales,59,10,124571,13-09-2017,2.8,TRUE,101
710,Emp_710,HR,25,5,82469,07-02-2008,4.6,FALSE,180
711,Emp_711,HR,52,8,30457,25-03-2011,1.2,TRUE,160
712,Emp_712,Finance,22,18,55436,28-04-2022,3,TRUE,150
713,Emp_713,HR,30,15,46034,09-06-2018,3.8,TRUE,159
714,Emp_714,HR,30,28,117103,03-07-2022,1,FALSE,148
715,Emp_715,Support,55,21,103898,02-03-2023,4.9,TRUE,155
716,Emp_716,HR,29,15,99634,03-10-2019,1.7,TRUE,125
717,Emp_717,Sales,44,11,56648,01-04-2013,1.3,TRUE,157
718,Emp_718,Finance,54,18,59047,10-12-2009,3.8,TRUE,132
719,Emp_719,Finance,33,13,50289,29-11-2014,4.3,FALSE,134
720,Emp_720,Support,35,22,111919,09-12-2011,2.2,TRUE,178
721,Emp_721,Finance,43,12,55192,21-09-2012,3.4,TRUE,149
722,Emp_722,Finance,28,25,139255,09-01-2022,3.5,TRUE,136
723,Emp_723,Finance,,34,133336,28-01-2022,1.7,FALSE,132
724,Emp_724,Finance,24,18,109016,27-06-2006,4.6,FALSE,115
725,Emp_725,Support,32,30,82998,27-02-2006,4,FALSE,131
726,Emp_726,Engineering,59,25,37131,31-03-2009,2.8,FALSE,152
727,Emp_727,Support,43,0,95375,04-09-2005,2.9,TRUE,107
728,Emp_728,Sales,39,19,69602,19-09-2013,3,TRUE,106
729,Emp_729,Sales,59,0,128658,22-06-2012,4.2,FALSE,176
730,Emp_730,Engineering,56,11,37926,10-12-2006,1.4,FALSE,166
731,Emp_731,HR,27,12,99101,11-07-2021,,TRUE,102
732,Emp_732,Finance,22,11,,29-12-2016,2.4,TRUE,142
733,Emp_733,Sales,36,14,98513,27-05-2013,2.1,FALSE,145
734,Emp_734,Support,29,21,95107,12-07-2018,3,FALSE,173
735,Emp_735,Finance,50,6,46521,10-01-2012,3.6,FALSE,158
736,Emp_736,Engineering,50,7,83874,17-12-2009,3.2,TRUE,146
737,Emp_737,Support,,23,68296,13-03-2022,2.5,FALSE,182
738,Emp_738,Support,54,12,37503,29-07-2020,,TRUE,102
739,Emp_739,Finance,30,24,,03-02-2020,4.4,FALSE,198
740,Emp_740,Finance,41,23,39510,31-08-2016,2.7,TRUE,101
741,Emp_741,Finance,23,23,34572,12-12-2021,3.7,FALSE,177
742,Emp_742,Engineering,50,5,77085,22-10-2012,1.6,FALSE,143
743,Emp_743,HR,23,13,53027,11-10-2023,2,TRUE,180
744,Emp_744,Sales,34,12,61520,24-06-2012,,FALSE,178
745,Emp_745,Sales,27,28,65192,03-12-2008,2.5,FALSE,170
746,Emp_746,Sales,44,17,72114,16-02-2011,3.9,FALSE,125
747,Emp_747,Sales,55,15,,11-09-2013,2.3,TRUE,100
748,Emp_748,Sales,31,13,72437,15-05-2023,4.4,FALSE,121
749,Emp_749,Finance,38,15,145049,12-01-2008,3.6,TRUE,159
750,Emp_750,Finance,39,26,56208,26-11-2023,,TRUE,156
751,Emp_751,HR,38,7,36674,12-09-2022,3.1,FALSE,155
752,Emp_752,Sales,31,27,38509,24-08-2012,4,TRUE,181
753,Emp_753,Finance,59,25,140036,23-04-2006,2.4,FALSE,147
754,Emp_754,Sales,45,16,138161,14-12-2010,3.5,TRUE,146
755,Emp_755,Support,23,20,127296,27-09-2023,2.3,TRUE,101
756,Emp_756,Sales,27,5,131837,27-10-2011,2.8,FALSE,196
757,Emp_757,Finance,54,24,92142,21-09-2010,3.3,TRUE,137
758,Emp_758,Engineering,,1,62849,01-08-2007,3,TRUE,104
759,Emp_759,Support,32,6,113260,23-12-2022,4.4,TRUE,186
760,Emp_760,Sales,56,8,48821,29-10-2011,2.2,TRUE,124
761,Emp_761,Engineering,33,28,95382,12-12-2018,3.8,TRUE,146
762,Emp_762,Engineering,32,6,112008,24-08-2014,3.3,TRUE,124
763,Emp_763,Finance,51,30,46603,09-02-2008,1.9,TRUE,134
764,Emp_764,Engineering,45,7,49568,16-08-2023,1.9,FALSE,128
765,Emp_765,Sales,31,10,122716,14-12-2010,3.4,TRUE,140
766,Emp_766,HR,40,7,132008,14-04-2017,4.8,TRUE,167
767,Emp_767,Finance,36,23,37389,04-04-2006,,TRUE,102
768,Emp_768,Support,29,9,102452,10-09-2019,2.1,FALSE,190
769,Emp_769,Engineering,31,32,104236,14-06-2008,4.4,FALSE,196
770,Emp_770,HR,43,14,61470,15-03-2006,5,FALSE,115
771,Emp_771,Engineering,22,4,127259,26-08-2008,4.9,TRUE,170
772,Emp_772,Finance,54,25,73379,15-05-2006,2.2,TRUE,195
773,Emp_773,HR,,10,115053,20-06-2010,1.2,FALSE,188
774,Emp_774,Finance,54,13,34141,04-06-2009,2.9,FALSE,180
775,Emp_775,HR,59,25,144139,10-07-2018,3.4,FALSE,138
776,Emp_776,Engineering,41,10,,17-02-2005,1.8,TRUE,140
777,Emp_777,Engineering,47,7,128139,27-11-2012,4.4,FALSE,105
778,Emp_778,Support,44,0,38489,10-09-2014,3.1,FALSE,178
779,Emp_779,HR,36,13,43277,07-03-2018,2.9,TRUE,186
780,Emp_780,Finance,28,28,34310,03-02-2019,3.6,TRUE,188
781,Emp_781,Support,56,28,80279,29-08-2007,3.3,TRUE,199
782,Emp_782,Engineering,45,0,63160,14-05-2016,3.7,FALSE,144
783,Emp_783,Sales,37,3,96167,09-10-2007,1.3,FALSE,117
784,Emp_784,Engineering,38,34,106745,13-11-2011,4.4,FALSE,156
785,Emp_785,Support,47,17,136440,16-12-2006,4,FALSE,126
786,Emp_786,Sales,53,29,66556,27-10-2008,3.7,TRUE,183
787,Emp_787,Engineering,48,19,136074,11-06-2012,4.6,FALSE,145
788,Emp_788,HR,53,3,48827,31-10-2021,5,FALSE,118
789,Emp_789,Finance,48,17,86226,19-07-2020,1.7,TRUE,108
790,Emp_790,Engineering,34,26,34743,30-11-2015,2.8,TRUE,177
791,Emp_791,Finance,56,3,,14-11-2014,,TRUE,193
792,Emp_792,HR,59,23,112196,09-06-2023,1.8,TRUE,123
793,Emp_793,Engineering,49,24,118305,11-08-2016,2.5,FALSE,107
794,Emp_794,Finance,57,23,80652,09-02-2008,2.8,TRUE,166
795,Emp_795,HR,43,5,96648,15-01-2016,1.8,TRUE,105
796,Emp_796,HR,26,29,146101,25-01-2008,4.6,FALSE,193
797,Emp_797,Sales,59,1,127772,25-10-2021,4.5,FALSE,160
798,Emp_798,Engineering,52,20,108040,13-03-2023,3.2,TRUE,143
799,Emp_799,Engineering,39,23,111399,16-09-2009,1.1,FALSE,146
800,Emp_800,Finance,35,21,143937,25-04-2012,2.5,FALSE,152
801,Emp_801,Support,29,27,60045,05-08-2010,4.2,FALSE,187
802,Emp_802,Engineering,35,1,100587,06-11-2011,1.6,FALSE,158
803,Emp_803,HR,50,15,52858,08-08-2023,4.6,TRUE,117
804,Emp_804,Support,37,14,116747,27-03-2009,4.3,TRUE,161
805,Emp_805,Finance,24,32,34692,20-03-2012,4.1,FALSE,129
806,Emp_806,Engineering,23,15,130204,17-04-2005,1.7,FALSE,191
807,Emp_807,Finance,56,4,100481,12-04-2007,3,TRUE,147
808,Emp_808,Engineering,50,4,76065,19-09-2023,4.6,FALSE,143
809,Emp_809,Sales,49,34,41345,05-06-2023,3.1,FALSE,139
810,Emp_810,HR,43,29,,18-12-2011,2.6,FALSE,173
811,Emp_811,HR,52,17,67117,30-08-2005,4.8,FALSE,151
812,Emp_812,Engineering,49,12,122336,04-10-2013,2.4,TRUE,153
813,Emp_813,Sales,55,1,34195,25-11-2012,1.2,TRUE,137
814,Emp_814,HR,34,0,33460,17-12-2022,1.3,FALSE,145
815,Emp_815,Sales,30,18,127895,03-06-2009,3.4,TRUE,162
816,Emp_816,Sales,,25,85099,04-02-2022,3.1,FALSE,179
817,Emp_817,Support,57,20,110914,09-06-2016,1.2,TRUE,122
818,Emp_818,Engineering,,2,130470,24-01-2010,4.9,FALSE,161
819,Emp_819,Engineering,48,14,,18-08-2014,2.3,FALSE,148
820,Emp_820,Finance,54,25,136132,30-06-2017,1.1,TRUE,139
821,Emp_821,Engineering,55,19,62852,30-10-2008,2.6,FALSE,171
822,Emp_822,Finance,52,6,85966,09-02-2017,2.1,FALSE,143
823,Emp_823,Support,32,27,130917,15-11-2016,3.8,FALSE,172
824,Emp_824,Finance,54,2,93014,29-05-2007,3.5,TRUE,195
825,Emp_825,Sales,24,4,63796,16-02-2017,4.2,FALSE,150
826,Emp_826,Sales,45,4,53940,16-11-2018,3,TRUE,192
827,Emp_827,HR,39,22,127106,02-12-2019,1.2,FALSE,165
828,Emp_828,Engineering,50,0,30343,07-10-2010,1.9,FALSE,168
829,Emp_829,Sales,48,28,42515,20-11-2022,2.3,TRUE,198
830,Emp_830,HR,45,25,51307,20-12-2023,3.3,FALSE,116
831,Emp_831,Finance,26,32,67837,02-11-2017,3,TRUE,123
832,Emp_832,Support,36,13,127992,09-11-2008,4.8,FALSE,136
833,Emp_833,Sales,24,9,136640,07-07-2019,,TRUE,132
834,Emp_834,Finance,54,5,70064,23-08-2018,1.7,FALSE,120
835,Emp_835,HR,33,28,41580,28-01-2006,4.6,TRUE,150
836,Emp_836,Support,30,28,42971,29-05-2023,4.5,FALSE,159
837,Emp_837,Support,39,23,57799,02-04-2010,1.8,TRUE,120
838,Emp_838,HR,57,31,46024,06-08-2017,2.7,FALSE,144
839,Emp_839,Support,23,31,75648,30-09-2020,3,FALSE,144
840,Emp_840,Sales,27,25,117889,12-09-2009,2.1,TRUE,156
841,Emp_841,HR,54,8,81548,19-09-2018,4.5,TRUE,172
842,Emp_842,Support,25,21,94002,12-07-2019,1.4,FALSE,161
843,Emp_843,Support,42,13,49028,04-06-2007,2.5,FALSE,197
844,Emp_844,HR,38,8,101933,10-05-2008,1.1,TRUE,106
845,Emp_845,HR,22,16,92502,07-12-2019,1.1,TRUE,145
846,Emp_846,Finance,54,4,57045,02-11-2016,4.2,FALSE,179
847,Emp_847,Finance,43,27,107683,04-06-2018,2.9,TRUE,109
848,Emp_848,Support,59,25,120855,30-05-2020,3.1,FALSE,128
849,Emp_849,Engineering,43,10,,21-07-2007,4.6,FALSE,111
850,Emp_850,Engineering,38,16,116917,24-04-2012,3.2,FALSE,149
851,Emp_851,Engineering,40,1,32962,22-06-2006,1.9,TRUE,191
852,Emp_852,Support,39,21,135811,11-07-2006,1.6,TRUE,166
853,Emp_853,Engineering,42,13,106856,23-03-2005,2,TRUE,145
854,Emp_854,HR,52,17,120220,02-11-2020,3.1,TRUE,169
855,Emp_855,Support,43,27,64205,16-03-2015,4.1,FALSE,173
856,Emp_856,HR,40,13,33014,30-05-2013,4.1,TRUE,173
857,Emp_857,Sales,49,14,147033,25-10-2023,2.3,TRUE,103
858,Emp_858,Support,33,32,135002,30-09-2013,4.7,FALSE,133
859,Emp_859,HR,39,16,86939,08-03-2017,4.3,FALSE,115
860,Emp_860,Finance,47,33,114428,15-10-2006,1,FALSE,170
861,Emp_861,Support,50,7,128199,28-02-2011,,TRUE,155
862,Emp_862,HR,24,26,58177,09-01-2007,4.6,FALSE,197
863,Emp_863,Sales,55,4,51979,27-12-2007,2,TRUE,175
864,Emp_864,Sales,31,21,115600,20-02-2007,,FALSE,130
865,Emp_865,Engineering,42,18,53658,19-06-2021,2.9,FALSE,191
866,Emp_866,Finance,43,24,82775,10-10-2009,4.8,FALSE,104
867,Emp_867,Engineering,51,25,122198,19-11-2023,2,TRUE,191
868,Emp_868,Sales,29,12,144256,07-01-2023,1.2,TRUE,175
869,Emp_869,Sales,26,0,112967,20-10-2020,2.7,FALSE,102
870,Emp_870,Sales,40,10,104182,30-10-2018,5,FALSE,162
871,Emp_871,Support,53,6,65999,11-04-2010,1.8,TRUE,119
872,Emp_872,Engineering,52,5,57781,22-11-2023,4.7,TRUE,123
873,Emp_873,Support,56,19,,03-06-2022,1.5,FALSE,196
874,Emp_874,Support,48,31,59972,16-10-2010,1.7,FALSE,174
875,Emp_875,HR,40,29,110854,05-12-2019,1.8,FALSE,162
876,Emp_876,Engineering,25,13,64432,07-11-2012,2.7,TRUE,107
877,Emp_877,Finance,33,4,140717,11-06-2011,4.1,FALSE,121
878,Emp_878,Engineering,31,10,77466,24-03-2020,2.5,FALSE,188
879,Emp_879,Sales,,18,118272,17-11-2018,4.7,TRUE,198
880,Emp_880,HR,44,34,128890,19-12-2010,4.7,TRUE,104
881,Emp_881,HR,54,34,86682,13-03-2015,4.3,TRUE,150
882,Emp_882,HR,36,19,84303,07-05-2015,2.5,FALSE,100
883,Emp_883,Sales,26,29,81870,16-06-2016,4.7,FALSE,190
884,Emp_884,Sales,22,27,121306,28-05-2022,2.7,FALSE,103
885,Emp_885,Support,36,5,54060,31-01-2023,2.5,TRUE,145
886,Emp_886,Engineering,25,22,116003,23-07-2010,1.7,TRUE,157
887,Emp_887,Support,23,34,34908,12-08-2007,2.2,FALSE,118
888,Emp_888,Support,47,18,47367,21-01-2023,4.3,FALSE,189
889,Emp_889,Sales,40,34,77066,15-05-2018,2.1,TRUE,137
890,Emp_890,Engineering,54,25,96068,02-04-2006,1.3,TRUE,125
891,Emp_891,Support,56,18,72372,19-02-2019,1.7,FALSE,123
892,Emp_892,Engineering,58,7,76211,28-11-2023,3.4,FALSE,166
893,Emp_893,Finance,23,13,40078,08-04-2006,3.1,TRUE,173
894,Emp_894,Engineering,53,11,47457,14-09-2011,2.4,TRUE,153
895,Emp_895,HR,44,12,99608,18-10-2023,2.9,FALSE,148
896,Emp_896,Support,57,22,,02-11-2019,3.8,FALSE,136
897,Emp_897,Sales,48,21,78487,29-07-2006,3.2,FALSE,145
898,Emp_898,HR,,9,111206,04-11-2020,5,TRUE,184
899,Emp_899,HR,30,6,,19-06-2010,2.6,TRUE,168
900,Emp_900,Finance,22,24,48764,22-10-2008,2.8,FALSE,148
901,Emp_901,HR,23,7,69867,21-09-2008,3.6,FALSE,191
902,Emp_902,Engineering,36,22,120024,06-01-2005,1.5,FALSE,126
903,Emp_903,Engineering,50,19,134892,31-05-2015,2.3,TRUE,169
904,Emp_904,Finance,58,23,139745,21-06-2011,3.9,TRUE,116
905,Emp_905,Engineering,,2,94599,12-03-2020,4,TRUE,111
906,Emp_906,Support,32,20,103569,26-05-2019,,TRUE,153
907,Emp_907,HR,47,12,,27-09-2023,4,TRUE,141
908,Emp_908,HR,49,22,,01-03-2010,4.9,TRUE,152
909,Emp_909,Engineering,58,0,86580,07-01-2013,2.7,TRUE,103
910,Emp_910,Sales,45,32,147384,03-03-2019,3.3,TRUE,115
911,Emp_911,Finance,30,31,120347,27-12-2021,3.4,TRUE,186
912,Emp_912,Sales,30,33,44443,08-07-2008,2.1,TRUE,151
913,Emp_913,Support,59,4,85768,07-01-2008,2.1,FALSE,151
914,Emp_914,Engineering,57,16,54710,29-05-2005,4.3,FALSE,171
915,Emp_915,Sales,23,24,71846,30-12-2019,3,FALSE,133
916,Emp_916,HR,,9,148733,23-11-2022,1.7,TRUE,133
917,Emp_917,Support,50,8,34886,10-02-2023,,TRUE,198
918,Emp_918,Finance,29,19,91435,30-06-2008,4.2,FALSE,103
919,Emp_919,Sales,49,30,53338,20-08-2013,4.1,FALSE,137
920,Emp_920,HR,32,7,36128,05-04-2005,3.1,TRUE,139
921,Emp_921,Engineering,38,6,69503,28-06-2011,4.8,TRUE,152
922,Emp_922,Support,47,16,,22-05-2014,4.8,TRUE,101
923,Emp_923,Sales,33,15,107361,18-01-2020,4.4,FALSE,138
924,Emp_924,Engineering,51,6,138371,05-01-2008,1.4,FALSE,153
925,Emp_925,Sales,33,29,,24-11-2020,4.8,FALSE,170
926,Emp_926,Engineering,32,9,43929,15-07-2005,1.1,TRUE,100
927,Emp_927,Support,22,34,40520,26-01-2014,3.1,TRUE,145
928,Emp_928,Engineering,47,15,63018,30-06-2022,3.3,FALSE,103
929,Emp_929,Sales,45,30,92155,17-05-2016,2,TRUE,110
930,Emp_930,Engineering,55,13,124725,23-10-2010,3,TRUE,168
931,Emp_931,HR,22,11,64253,10-05-2021,,FALSE,152
932,Emp_932,Sales,58,8,34948,08-10-2021,1.4,TRUE,103
933,Emp_933,HR,36,7,125169,03-05-2019,4.5,TRUE,153
934,Emp_934,Support,37,12,98642,08-06-2020,2.2,FALSE,175
935,Emp_935,HR,59,19,109155,25-08-2017,3.4,TRUE,176
936,Emp_936,Engineering,32,26,113157,15-01-2023,2.3,FALSE,192
937,Emp_937,Finance,55,22,,22-01-2019,1.4,TRUE,120
938,Emp_938,Support,29,16,54168,09-11-2011,3.9,FALSE,133
939,Emp_939,Sales,49,28,109930,24-12-2013,4.8,TRUE,169
940,Emp_940,Finance,,14,117996,05-08-2014,2,TRUE,197
941,Emp_941,Sales,33,2,48363,03-11-2005,3.6,TRUE,184
942,Emp_942,Support,49,4,112323,14-01-2018,1.1,FALSE,188
943,Emp_943,HR,54,26,101903,30-03-2015,4.1,FALSE,116
944,Emp_944,Engineering,39,18,81848,03-04-2015,4.4,TRUE,172
945,Emp_945,Finance,37,33,62967,21-06-2015,1.5,FALSE,138
946,Emp_946,HR,40,3,127770,08-02-2014,3.3,FALSE,180
947,Emp_947,HR,52,30,77300,26-09-2017,2.7,FALSE,143
948,Emp_948,Engineering,29,25,134667,18-01-2011,1.1,TRUE,125
949,Emp_949,Sales,59,5,82104,05-11-2008,1.2,TRUE,117
950,Emp_950,HR,41,27,149210,13-10-2014,1.5,FALSE,162
951,Emp_951,HR,52,0,71569,11-01-2022,1.5,TRUE,187
952,Emp_952,Engineering,44,8,71050,07-08-2020,2.2,FALSE,119
953,Emp_953,Sales,43,19,83318,09-03-2005,1.8,TRUE,129
954,Emp_954,Support,51,28,131615,13-09-2009,1.6,FALSE,110
955,Emp_955,Engineering,22,16,62856,31-01-2010,4.7,FALSE,106
956,Emp_956,Finance,26,19,52888,01-08-2008,1.2,TRUE,118
957,Emp_957,Sales,41,4,140072,08-05-2021,2.4,FALSE,155
958,Emp_958,HR,39,33,57445,10-12-2008,4.4,TRUE,108
959,Emp_959,Support,43,29,76673,28-08-2020,2.6,FALSE,178
960,Emp_960,Support,53,29,60810,15-01-2008,2.2,FALSE,178
961,Emp_961,HR,56,4,99674,20-11-2018,3.3,FALSE,133
962,Emp_962,Engineering,41,1,145178,14-02-2014,3,TRUE,127
963,Emp_963,Sales,58,9,109978,14-04-2009,4.2,TRUE,110
964,Emp_964,Sales,54,28,118097,23-04-2016,4.4,FALSE,117
965,Emp_965,Engineering,54,1,135131,28-02-2006,4.5,TRUE,172
966,Emp_966,Engineering,22,31,93865,09-06-2017,4.9,FALSE,112
967,Emp_967,Sales,43,9,66514,25-03-2005,3,FALSE,117
968,Emp_968,HR,,17,144746,02-10-2013,2.9,TRUE,171
969,Emp_969,Finance,36,5,148026,11-06-2012,3.2,FALSE,163
970,Emp_970,Finance,42,31,122036,26-11-2019,3.5,FALSE,143
971,Emp_971,Engineering,33,9,75865,29-08-2011,,TRUE,198
972,Emp_972,HR,27,11,45606,29-05-2011,4.5,FALSE,100
973,Emp_973,Finance,58,23,72633,25-06-2008,4.2,TRUE,109
974,Emp_974,HR,41,7,45681,30-05-2023,2.6,FALSE,160
975,Emp_975,HR,45,10,41633,05-01-2020,1.9,TRUE,120
976,Emp_976,Engineering,54,4,48106,26-10-2010,1.3,FALSE,184
977,Emp_977,Support,37,15,61568,19-12-2007,4.5,FALSE,101
978,Emp_978,HR,27,28,103759,27-09-2020,2.7,TRUE,195
979,Emp_979,Sales,30,12,41558,27-04-2022,3.1,TRUE,191
980,Emp_980,Engineering,57,18,111387,13-11-2017,2.9,TRUE,179
981,Emp_981,Engineering,57,20,64711,05-03-2007,3.5,FALSE,160
982,Emp_982,Sales,47,22,83607,01-12-2020,2.9,FALSE,141
983,Emp_983,Support,35,10,56995,20-07-2008,2.5,TRUE,167
984,Emp_984,HR,33,5,116842,22-08-2005,4.1,TRUE,111
985,Emp_985,Sales,40,18,129478,20-05-2011,5,TRUE,193
986,Emp_986,Support,35,0,75519,29-11-2009,4.9,TRUE,158
987,Emp_987,Sales,37,6,130452,03-10-2014,3.9,FALSE,192
988,Emp_988,Support,31,4,38908,08-02-2015,1.6,TRUE,179
989,Emp_989,Engineering,57,17,124169,28-03-2011,3.9,TRUE,106
990,Emp_990,Support,30,30,94259,23-07-2010,,FALSE,103
991,Emp_991,Engineering,50,28,,20-09-2005,2.6,TRUE,168
992,Emp_992,Support,26,6,74552,22-01-2013,3.6,FALSE,151
993,Emp_993,Engineering,41,11,61284,19-05-2006,3,TRUE,192
994,Emp_994,Sales,32,29,98965,25-11-2019,2.1,TRUE,175
995,Emp_995,Finance,38,19,130593,28-08-2021,,FALSE,162
996,Emp_996,Finance,32,12,53944,05-07-2013,1.9,TRUE,169
997,Emp_997,HR,26,15,91725,30-08-2018,1.1,TRUE,197
998,Emp_998,Support,51,14,110762,16-12-2008,4.4,TRUE,100
999,Emp_999,Support,47,29,50864,19-02-2005,2.3,FALSE,125
1000,Emp_1000,HR,38,8,79971,29-08-2007,4.9,FALSE,118
